Variant,Slope,Slope_SE,Intercept,Intercept_SE,R2,P_value_slope,n_points
SubG,0.32083,0.02696107,-0.0061613,0.004458267,0.9929875529234233,0.0533732697444612,3
SubP,,,,,,,3
SubV,0.0053514,0.0003572187,-0.00016197,5.906949e-05,0.9955639589735678,0.04243258744597271,3
